"","Cell1","Cell2","Cell3","Cell4","Cell5","Cell6","Cell7","Cell8","Cell9","Cell10","Cell11","Cell12","Cell13","Cell14","Cell15","Cell16","Cell17","Cell18","Cell19","Cell20","Cell21","Cell22","Cell23","Cell24","Cell25","Cell26","Cell27","Cell28","Cell29","Cell30","Cell31","Cell32","Cell33","Cell34","Cell35","Cell36","Cell37","Cell38","Cell39","Cell40","Cell41","Cell42","Cell43","Cell44","Cell45","Cell46","Cell47","Cell48","Cell49","Cell50","Cell51","Cell52","Cell53","Cell54","Cell55","Cell56","Cell57","Cell58","Cell59","Cell60","Cell61","Cell62","Cell63","Cell64","Cell65","Cell66","Cell67","Cell68","Cell69","Cell70","Cell71","Cell72","Cell73","Cell74","Cell75","Cell76","Cell77","Cell78","Cell79","Cell80","Cell81","Cell82","Cell83","Cell84","Cell85","Cell86","Cell87","Cell88","Cell89","Cell90","Cell91","Cell92","Cell93","Cell94","Cell95","Cell96","Cell97","Cell98","Cell99","Cell100","Cell101","Cell102","Cell103","Cell104","Cell105","Cell106","Cell107","Cell108","Cell109","Cell110","Cell111","Cell112","Cell113","Cell114","Cell115","Cell116","Cell117","Cell118","Cell119","Cell120","Cell121","Cell122","Cell123","Cell124","Cell125","Cell126","Cell127","Cell128","Cell129","Cell130","Cell131","Cell132","Cell133","Cell134","Cell135","Cell136","Cell137","Cell138","Cell139","Cell140","Cell141","Cell142","Cell143","Cell144","Cell145","Cell146","Cell147","Cell148","Cell149","Cell150","Cell151","Cell152","Cell153","Cell154","Cell155","Cell156","Cell157","Cell158","Cell159","Cell160","Cell161","Cell162","Cell163","Cell164","Cell165","Cell166","Cell167","Cell168","Cell169","Cell170","Cell171","Cell172","Cell173","Cell174","Cell175","Cell176","Cell177","Cell178","Cell179","Cell180","Cell181","Cell182","Cell183","Cell184","Cell185","Cell186","Cell187","Cell188","Cell189","Cell190","Cell191","Cell192","Cell193","Cell194","Cell195","Cell196","Cell197","Cell198","Cell199","Cell200","Cell201","Cell202","Cell203","Cell204","Cell205","Cell206","Cell207","Cell208","Cell209","Cell210","Cell211","Cell212","Cell213","Cell214","Cell215","Cell216","Cell217","Cell218","Cell219","Cell220","Cell221","Cell222","Cell223","Cell224","Cell225","Cell226","Cell227","Cell228","Cell229","Cell230","Cell231","Cell232","Cell233","Cell234","Cell235","Cell236","Cell237","Cell238","Cell239","Cell240","Cell241","Cell242","Cell243","Cell244","Cell245","Cell246","Cell247","Cell248","Cell249","Cell250","Cell251","Cell252","Cell253","Cell254","Cell255","Cell256","Cell257","Cell258","Cell259","Cell260","Cell261","Cell262","Cell263","Cell264","Cell265","Cell266","Cell267","Cell268","Cell269","Cell270","Cell271","Cell272","Cell273","Cell274","Cell275","Cell276","Cell277","Cell278","Cell279","Cell280","Cell281","Cell282","Cell283","Cell284","Cell285","Cell286","Cell287","Cell288","Cell289","Cell290","Cell291","Cell292","Cell293","Cell294","Cell295","Cell296","Cell297","Cell298","Cell299","Cell300","Cell301","Cell302","Cell303","Cell304","Cell305","Cell306","Cell307","Cell308","Cell309","Cell310","Cell311","Cell312","Cell313","Cell314","Cell315","Cell316","Cell317","Cell318","Cell319","Cell320","Cell321","Cell322","Cell323","Cell324","Cell325","Cell326","Cell327","Cell328","Cell329","Cell330","Cell331","Cell332","Cell333","Cell334","Cell335","Cell336","Cell337","Cell338","Cell339","Cell340","Cell341","Cell342","Cell343","Cell344","Cell345","Cell346","Cell347","Cell348","Cell349","Cell350","Cell351","Cell352","Cell353","Cell354","Cell355","Cell356","Cell357","Cell358","Cell359","Cell360","Cell361","Cell362","Cell363","Cell364","Cell365","Cell366","Cell367","Cell368","Cell369","Cell370","Cell371","Cell372","Cell373","Cell374","Cell375","Cell376","Cell377","Cell378","Cell379","Cell380","Cell381","Cell382","Cell383","Cell384","Cell385","Cell386","Cell387","Cell388","Cell389","Cell390","Cell391","Cell392","Cell393","Cell394","Cell395","Cell396","Cell397","Cell398","Cell399","Cell400","Cell401","Cell402","Cell403","Cell404","Cell405","Cell406","Cell407","Cell408","Cell409","Cell410","Cell411","Cell412","Cell413","Cell414","Cell415","Cell416","Cell417","Cell418","Cell419","Cell420","Cell421","Cell422","Cell423","Cell424","Cell425","Cell426","Cell427","Cell428","Cell429","Cell430","Cell431","Cell432","Cell433","Cell434","Cell435","Cell436","Cell437","Cell438","Cell439","Cell440","Cell441","Cell442","Cell443","Cell444","Cell445","Cell446","Cell447","Cell448","Cell449","Cell450","Cell451","Cell452","Cell453","Cell454","Cell455","Cell456","Cell457","Cell458","Cell459","Cell460","Cell461","Cell462","Cell463","Cell464","Cell465","Cell466","Cell467","Cell468","Cell469","Cell470","Cell471","Cell472","Cell473","Cell474","Cell475","Cell476","Cell477","Cell478","Cell479","Cell480","Cell481","Cell482","Cell483","Cell484","Cell485","Cell486","Cell487","Cell488","Cell489","Cell490","Cell491","Cell492","Cell493","Cell494","Cell495","Cell496","Cell497","Cell498","Cell499","Cell500"
"Gene1",54,109,160,94,163,127,153,165,123,152,147,78,62,112,36,87,110,55,38,177,53,109,103,140,116,29,171,63,127,33,123,91,144,147,72,123,29,151,108,156,131,117,154,251,54,91,75,154,70,64,98,117,171,136,123,125,155,115,172,77,106,118,94,154,120,164,28,125,116,75,217,179,27,135,113,158,86,99,102,32,28,47,39,101,29,86,145,140,244,122,137,121,161,128,94,133,61,158,53,71,101,149,129,69,99,148,53,90,33,137,181,203,93,137,161,97,126,133,40,167,77,118,103,145,166,52,117,116,124,83,37,161,118,112,122,90,157,148,135,146,37,22,129,117,86,27,121,181,94,83,108,90,36,98,66,105,127,142,147,119,95,123,40,124,158,121,142,172,142,138,173,132,79,39,141,86,156,29,86,100,26,65,109,151,138,125,99,158,90,115,85,154,77,27,101,185,110,40,70,135,123,62,90,25,35,128,70,98,104,68,115,78,101,145,93,115,145,114,119,132,37,153,92,40,159,152,163,115,75,93,209,108,131,157,111,107,160,27,88,167,91,79,117,109,100,163,94,102,15,103,127,210,101,179,49,82,209,122,207,104,67,26,108,50,39,146,111,120,58,80,126,60,121,120,136,108,106,113,137,98,40,116,103,132,147,38,46,128,160,50,147,58,81,66,123,183,161,176,112,144,123,176,89,145,149,108,175,167,60,45,148,94,150,90,33,155,117,88,154,105,112,145,116,143,133,107,160,123,94,48,144,122,127,88,139,105,157,218,103,70,104,88,204,143,99,42,89,107,99,77,90,143,102,150,158,135,105,34,136,129,118,60,176,76,63,147,94,115,269,196,162,99,46,117,149,79,159,40,125,154,76,98,135,28,120,123,211,105,170,121,162,106,139,102,92,141,122,116,113,34,57,141,172,136,130,137,108,40,202,32,161,97,44,155,37,121,170,73,99,160,97,27,100,211,25,126,44,62,33,144,164,203,135,216,124,122,112,117,86,136,93,43,91,98,136,141,67,109,144,140,115,22,155,153,177,43,25,115,101,95,80,54,98,144,41,49,91,152,26,138,62,74,116,99,179,68,131,79,128,45,150,133,154,91,41,130,173,125,168,193,132,174,96,176,106,26,52,170,139,128
"Gene2",578,1125,1558,1364,2088,1208,1937,2408,1592,1941,2163,934,1259,1340,577,1243,1332,587,540,2243,335,952,1441,1707,1001,385,1866,488,1409,465,1095,1501,1356,1242,1276,1259,323,1908,1429,1626,1437,1346,1471,1885,913,1172,1083,1651,881,657,1612,1666,2316,1286,1190,1662,1719,1727,1337,1180,1252,1328,1582,1921,1406,1739,498,1096,1480,1113,2311,1956,451,1463,1314,2136,1150,897,1337,521,455,450,856,1424,539,1087,1406,2194,1772,1883,887,1434,1610,1960,1833,1463,961,1931,665,1205,1578,1319,1384,1074,1232,2006,644,1140,500,1478,1437,2198,898,1819,1215,1441,1300,2148,374,1817,1170,1852,1394,1094,1772,579,1851,1526,1046,1501,394,1504,1240,1297,1339,1056,1403,1520,1926,1412,356,597,1080,1735,2080,482,1974,1994,1244,2091,1180,1274,412,1327,805,1507,1672,1450,1581,1589,1057,2647,652,1884,2218,1658,1369,1081,1566,1721,1776,1268,1143,660,1642,1926,1294,450,1319,1360,409,739,1707,2240,1462,1560,1301,1273,1098,1802,787,1462,1064,269,1140,1431,1109,620,996,1849,1898,969,932,462,614,1740,623,1727,1647,1233,1552,1054,1539,1878,1503,1409,1997,1687,1314,1378,580,1486,1157,602,2167,1730,1281,1496,929,1445,1826,1184,1539,1320,1090,1436,1640,405,1046,1847,1244,1198,954,1729,1387,1841,1438,1054,309,1793,1594,2357,1691,1879,496,996,1704,1641,2184,1014,1090,559,1210,474,494,1549,1149,1846,491,1627,1286,1381,1521,1726,1696,1156,1492,1937,1765,1321,489,1221,846,1544,1704,576,563,1651,1535,580,1224,1084,1277,1264,1556,2291,2005,2335,1864,1379,1037,2214,1286,2555,1675,1067,1612,2218,591,720,1346,937,1353,1344,562,1469,1665,1268,1554,1434,1717,1147,1576,1665,1772,1378,1185,1905,1123,1015,1612,1591,1586,1170,1276,1501,1493,2123,829,1120,1280,1232,1392,1626,2040,489,1329,1866,1240,1336,1237,1851,2004,1428,1639,1745,1377,389,1278,1580,1366,443,2192,1101,1011,1300,1603,1741,1802,1673,1878,1157,679,1557,2486,752,3069,347,1161,1141,1468,945,2126,389,1143,1431,1603,1944,1715,1193,2256,1718,1636,1338,1425,1462,1493,2202,1429,404,939,1679,2332,1168,1610,2142,1214,527,1539,552,1896,2216,425,1714,459,1546,1565,1488,1252,2031,1079,494,827,2373,386,1347,603,906,400,1577,1991,2392,1077,2008,1965,1603,1404,1606,1738,1292,974,425,1227,1180,1694,1557,1776,1538,1520,1533,1466,476,1005,1917,2053,467,355,1239,1209,1075,1290,963,1326,1399,437,721,1572,1182,357,1419,725,996,1262,933,1918,1149,1500,2128,1217,529,1735,1862,1511,927,506,1399,1733,1980,1943,1547,1441,2292,1326,1677,960,381,471,1691,1454,1646
"Gene3",2378,5132,8019,6677,10452,7707,8990,9269,6313,8384,9973,5615,5692,8389,2044,5549,6740,2014,1695,10280,2146,7536,6785,7764,5971,2543,9115,2515,6045,2371,5270,8970,8705,7278,6442,6148,2640,8715,7835,7642,7615,5705,7909,9989,4103,6738,4018,7747,5340,2806,7021,5986,9664,6089,4596,6714,7062,5241,7914,6997,5609,6523,6267,9258,7509,6358,2428,5530,6863,7183,7807,6161,2065,6676,6846,11550,4770,5122,5594,2551,2075,2880,3404,8106,2227,5118,8443,7775,10141,7415,5550,6413,6306,8408,7250,5947,3131,9456,3237,4545,8062,5806,6758,5191,6267,8778,3311,6047,2993,5638,10447,11717,6168,9230,6738,5044,6315,8083,2846,9180,6039,7973,6167,4953,7524,2161,6487,5820,5417,6655,2078,8716,6842,5644,7137,6413,10198,7164,7875,7675,1935,2047,4432,7891,7198,1458,9379,9249,4638,6585,5703,5895,2272,7060,3140,6349,8481,7321,6789,7863,4670,11124,2463,7973,11954,8622,5748,7790,7644,7715,9900,5614,5405,3363,7725,8962,6800,1701,7377,5271,1831,3534,7795,9593,5774,5618,6974,5912,3645,7704,5230,7037,5075,1593,6539,7296,6151,3311,5311,9004,7768,5748,5678,2106,3141,7815,2352,8062,5794,4402,5851,3986,5740,7448,8726,6104,7321,6530,7278,6971,2247,7295,5634,2580,7677,6444,6095,5809,4273,7076,7535,6870,3942,7611,5512,5078,7022,1806,6145,8309,7666,4914,5325,6100,5502,7901,7265,6092,1691,5394,7164,9043,6490,10165,2175,7846,7449,6815,10344,6414,5172,2403,6670,2736,2717,6969,4530,7724,1798,6900,6027,7597,6482,6252,6250,6417,7788,7925,8901,7266,2514,5987,4559,6499,5514,2554,3475,8654,7287,2347,6623,4273,6601,5175,8707,10108,9188,7129,8653,6271,7215,9550,5190,9426,7971,5915,8081,8341,1934,2538,6617,5884,5375,3770,2549,6923,8395,5322,7958,7444,7984,6568,5325,7306,6780,10530,7636,8977,4549,4230,7720,8162,6614,8274,6852,6083,8936,11688,5591,4752,7698,4692,8139,9238,8214,2244,6828,7759,5034,4586,8852,6734,6956,6551,8018,6865,6975,1507,7139,5971,4792,2456,9453,5489,3602,5518,6750,8014,9559,9922,6933,5949,2659,8317,12658,4348,9172,2656,7079,5717,7216,3691,7958,1962,7374,5737,7219,8333,8201,8325,11543,8270,7264,8040,5949,8849,5192,7931,7978,2378,3669,8930,9271,7421,7458,8684,8247,2027,8423,2808,9963,8936,2095,9988,2033,7093,8118,7552,5753,6894,5455,2413,3863,10764,1917,6653,2552,5384,1616,6312,10882,8670,6439,9943,6707,7219,5766,7257,5964,5289,3716,2203,4604,6649,6178,7248,8706,6511,7821,8173,7197,2944,5158,8739,11339,2842,1879,5434,5411,5851,4830,3579,5682,7808,2613,1744,6582,5641,1510,6485,2820,6201,6005,4610,9168,4919,9174,8213,5826,2303,7740,6538,6894,5708,1854,6215,8464,8312,8381,5759,7746,9561,5589,9687,4823,2173,2007,8739,8784,6288
"Gene4",7,13,29,61,40,42,49,78,54,61,38,8,30,24,10,35,44,10,9,41,29,42,46,39,35,13,45,18,42,6,28,28,29,48,39,28,32,44,46,64,59,28,54,46,20,20,30,18,20,13,37,58,54,22,34,57,37,32,25,42,37,38,37,40,54,47,12,27,55,36,74,27,12,39,21,50,34,44,37,14,13,16,18,28,19,42,46,64,43,40,42,19,30,41,32,64,16,46,16,27,35,26,38,46,25,29,11,32,20,46,43,61,26,73,36,17,42,73,12,76,35,41,38,27,43,8,27,50,58,39,8,41,40,43,19,52,50,41,30,50,4,15,45,43,50,3,69,47,58,29,25,17,8,58,23,68,22,52,55,53,57,78,20,62,61,48,53,44,24,57,51,52,10,20,45,36,41,13,33,28,2,30,48,71,57,40,27,27,38,46,33,56,21,8,32,29,33,25,19,20,22,32,48,13,17,30,17,58,40,20,52,33,27,64,34,31,25,35,52,23,9,47,30,12,58,43,7,35,30,45,36,28,29,30,28,34,53,21,34,77,34,37,31,52,35,31,43,34,16,52,42,58,49,54,13,13,50,32,113,51,20,19,31,18,11,26,28,62,5,55,11,25,29,49,39,31,37,41,45,49,13,42,23,19,56,17,7,52,33,22,49,20,26,35,38,52,39,55,58,30,47,42,65,40,49,10,65,96,18,18,28,19,32,32,36,28,40,55,52,30,37,8,24,32,31,78,43,44,25,21,25,50,49,40,45,40,32,89,24,23,35,47,59,53,36,14,39,58,20,30,38,41,69,38,50,56,36,8,47,24,28,15,59,47,31,56,33,59,79,55,45,50,25,50,53,12,49,21,31,36,25,23,71,26,63,29,25,59,54,24,73,57,40,36,36,44,22,57,44,21,29,72,32,13,53,90,27,9,64,10,45,19,15,47,16,56,44,44,10,58,13,14,28,67,10,27,19,40,12,47,49,44,38,47,39,44,41,40,21,31,17,11,41,54,46,36,45,39,56,46,41,17,19,44,33,21,4,31,30,37,26,26,25,41,20,5,55,30,12,37,20,18,23,39,57,31,58,34,49,21,48,47,32,27,8,27,71,48,32,40,25,51,46,51,48,8,24,69,18,31
"Gene5",171,341,10,430,29,505,17,574,7273,27,10258,5436,6963,616,103,406,15,91,113,663,155,291,15,21,8930,161,586,158,7937,124,316,23,493,360,7,8144,237,521,7366,576,27,7593,13,532,5163,370,5640,9287,4719,190,8385,12,531,7683,6,8746,22,398,6349,539,441,310,418,406,491,9360,156,7781,413,6870,29,473,90,364,8808,458,16,6581,14,165,104,155,147,20,157,6621,32,9305,29,25,6899,26,423,20,8333,7355,219,12117,150,16,507,21,6369,5304,347,9127,166,5765,194,446,649,642,5913,25,8950,7262,351,32,77,559,15,571,7864,366,9390,118,8558,360,9064,10122,108,644,394,31,5,8319,8,26,596,26,113,177,359,9950,7015,114,546,11628,405,9431,231,283,161,434,190,552,387,456,499,14,4140,13476,211,554,30,576,15,420,515,413,466,8314,13,171,445,497,14,132,297,366,127,316,500,8624,7721,7804,280,7800,6574,400,253,29,5906,123,6828,377,7033,199,6112,456,466,260,6127,155,158,29,128,455,9001,6603,7117,335,351,11276,9072,7833,474,7456,562,294,136,502,277,157,540,323,354,7738,6818,7569,14,8028,10,8444,15,280,446,82,360,55,18,10,5805,7350,377,493,435,22,98,399,8070,571,415,18,143,349,509,419,24,5290,6528,159,6249,208,113,499,25,434,133,401,27,14,433,4,7800,391,10623,539,518,7394,157,7403,14,471,343,136,174,8991,503,124,404,265,255,7148,426,614,445,33,457,413,29,22,14,609,7137,249,9653,611,129,210,8624,29,303,5527,175,489,34,5975,10689,14,8321,13,431,332,7931,403,467,519,382,5873,500,444,16,8507,387,446,583,809,237,20,28,411,411,590,400,107,438,40,399,32,7205,451,24,414,522,17,10,86,27,327,378,128,468,7353,246,371,454,456,31,13233,9782,9,178,532,13977,4746,12987,173,29,364,466,226,505,124,35,290,29,361,33,10,603,7766,480,26,287,25,21,414,418,210,267,722,721,332,534,580,5395,103,25,142,577,25,136,544,95,382,521,389,8109,22,7622,85,24,31,162,10,156,6068,147,539,713,48,12,37,11028,652,16,435,350,397,4582,134,379,440,9708,412,9392,8102,481,452,285,117,447,566,24,131,84,33,7188,7284,8531,183,8360,396,106,192,12,357,93,459,212,12,12,359,11729,427,445,10088,265,177,50,443,27,314,92,448,643,444,9289,378,37,527,342,624,5155,166,157,560,23,23
"Gene6",883,96,1685,3141,3653,2410,3039,258,1842,2300,3152,1585,1363,2777,681,107,1824,658,674,140,802,60,2215,2332,1812,620,2450,732,1637,717,100,1953,2286,1849,1734,2194,701,146,2157,131,2345,1878,2307,177,1503,1952,1485,2768,1521,901,2176,2100,226,2085,1624,1969,2538,109,2444,2259,85,1534,1985,2727,1690,2297,753,1563,2423,2203,2125,2054,761,92,2330,229,2025,1650,1386,967,576,986,707,1925,670,1703,2307,2011,2675,2068,1812,1473,150,2997,2165,2067,1221,2881,790,1597,116,2260,1722,1706,121,2541,754,1440,957,2536,2367,2876,1660,2556,2459,1722,1958,2811,873,2959,1879,136,2054,53,2168,643,2333,99,2073,2396,777,2353,98,1310,1905,1985,2738,1983,126,2391,618,744,95,2191,1799,609,2283,2781,1768,2120,90,73,706,2235,1098,2353,2177,76,86,2698,1285,2726,794,122,3625,128,2258,2495,123,1917,3736,1341,1107,762,155,110,2213,677,108,1873,684,1227,89,2255,1779,2009,1904,1820,1736,120,104,2569,1419,474,1266,1878,1812,827,1339,146,2699,71,1545,826,800,2248,928,2965,2115,1418,2319,1211,1666,2603,2320,2295,2867,2284,2636,112,900,172,94,647,2349,133,138,1872,1798,1707,2421,1741,1354,2033,1334,45,120,596,78,2697,2321,1452,1684,2284,122,99,77,2152,565,2197,2125,2471,2162,3291,690,107,159,126,3545,2165,1742,637,1621,860,846,2611,1377,141,588,122,1777,1395,1787,1889,2324,87,2734,151,145,2451,735,1837,1600,2423,2163,802,1151,2482,2331,856,1617,51,95,1600,2371,210,137,3223,100,2193,2354,2522,1366,2818,2098,1696,2317,1941,805,892,2105,2009,79,1038,635,100,3015,1412,2298,1883,1961,1886,2355,3180,2164,134,2023,110,63,1296,96,3027,2634,1838,112,2064,2832,3695,85,1308,2332,2096,2638,158,2770,583,2328,2298,1737,1811,2177,132,2161,99,3032,2300,2011,637,2036,89,84,781,2583,1934,32,64,2650,2196,2614,2536,2650,1680,744,2483,3559,1538,3994,704,1985,84,67,1215,3335,773,2285,89,3250,124,2565,2328,187,2215,112,2353,85,2700,2369,2990,1635,550,1290,121,3186,2318,117,3049,1553,502,2009,739,77,2144,690,125,735,86,133,1980,1510,2977,1826,802,1635,3060,676,1720,694,1763,499,2547,3404,3173,1593,2852,2787,91,1885,151,2218,1959,1501,491,2114,192,2407,1842,2638,1992,102,131,119,719,1843,103,3324,759,432,1696,1296,1916,1706,1013,1844,2620,828,724,2178,1430,475,2466,1080,1756,2013,2684,3226,1810,2937,2341,76,818,2725,136,2514,86,612,121,2611,122,2259,1941,1634,144,102,2838,1415,634,755,2589,2436,1979
"Gene7",24,67,4,97,10,153,3,183,1773,11,2693,1820,1653,110,51,127,9,29,18,152,36,76,5,3,1871,38,148,28,1931,24,99,7,141,149,1,2511,10,169,2178,117,3,1875,14,126,1558,159,1025,2622,1484,53,1795,13,170,1878,5,2299,17,143,1955,180,164,78,98,174,114,2292,49,1726,86,2093,5,101,33,134,2562,271,0,1787,4,45,44,49,58,3,27,1933,6,2553,4,10,2043,12,115,8,2130,2442,68,3035,50,1,90,1,1745,1252,111,2837,83,1647,41,100,134,129,1334,1,2002,1672,73,7,29,111,1,186,1750,64,1901,24,1196,118,2362,1899,18,67,90,11,3,1896,4,15,119,6,44,39,115,2045,2351,22,118,2885,93,1873,107,91,34,113,41,97,98,108,94,6,1296,3034,21,168,1,166,2,92,123,128,111,1707,8,69,147,139,4,20,89,126,16,35,79,3626,2620,1797,84,1345,1348,123,85,3,1541,36,1971,89,1810,46,1634,92,112,57,1477,30,51,7,39,162,2380,1593,1601,107,74,2817,1962,2436,129,2586,125,107,38,97,91,50,138,122,59,1800,1789,1521,11,1425,4,1684,0,86,137,26,153,2,4,7,2004,2395,95,120,115,4,17,123,2244,131,108,7,35,47,148,87,8,1788,1076,16,1848,39,21,95,4,158,42,70,1,2,143,9,2373,51,2561,118,147,1549,35,1798,4,146,143,38,59,1811,89,38,67,29,106,1891,105,174,109,23,75,78,4,18,4,93,2216,64,1884,149,34,80,1602,4,79,1502,26,91,3,1680,2481,2,2025,4,110,148,1878,110,83,124,85,1231,87,89,3,1999,142,116,109,187,97,4,5,70,147,149,103,23,127,2,111,5,2383,95,6,61,124,5,0,22,6,68,67,37,60,1364,41,84,127,124,0,2731,2983,4,44,108,3038,1187,3412,14,4,91,110,48,115,39,2,82,3,162,6,8,185,1245,167,5,70,2,0,117,102,30,34,149,192,95,90,118,1819,34,5,30,100,6,26,99,40,62,182,98,1982,1,1589,32,2,9,14,5,42,1704,35,131,215,4,6,6,2130,128,4,62,62,69,1257,55,73,114,2445,165,1773,1968,97,159,88,33,88,124,6,20,19,7,1674,1970,2035,73,2191,120,46,27,2,77,41,90,41,1,1,91,2127,87,90,2469,54,48,18,124,11,105,24,175,176,105,2241,80,2,142,95,123,1690,32,46,140,9,4
"Gene8",1146,2412,172,193,284,234,208,4694,151,198,183,101,128,195,766,2898,141,1043,791,4657,984,2261,118,142,117,919,247,1116,134,901,2740,149,167,154,152,176,1030,4214,227,2498,170,134,168,4255,66,149,113,218,91,1139,126,153,4450,109,97,141,148,3194,130,146,2320,106,144,139,176,157,1273,150,103,160,215,163,825,3581,175,4082,161,84,109,1328,883,941,1608,176,853,92,173,156,179,168,92,163,2761,190,146,145,2065,201,1202,103,3693,131,154,110,2783,195,1565,76,1057,206,173,244,156,151,133,132,153,236,886,197,152,4317,140,2385,228,1110,108,2731,135,153,1130,198,2212,154,184,139,156,152,3633,191,679,1025,2563,195,129,735,182,183,68,129,2157,3169,1076,190,1466,189,160,3767,3577,208,88,163,1295,3555,184,3627,223,173,3039,147,165,140,154,1171,2958,3279,144,975,3232,79,1078,1499,3011,169,149,151,54,166,83,3636,1715,134,115,736,136,131,177,1454,107,3309,142,1818,122,935,1048,151,1084,174,151,159,130,117,153,160,126,135,208,145,152,2570,894,4224,2265,1163,116,3153,2925,200,89,135,205,121,137,166,124,2089,3913,726,2271,190,182,84,114,161,3033,3981,2649,166,796,172,183,177,159,217,1158,2969,3874,2871,262,113,93,1144,71,1369,1348,262,113,3763,956,2811,165,136,133,145,122,2458,223,3706,3640,126,1252,125,96,206,121,711,1778,138,166,1315,176,2044,2815,112,150,3848,3722,169,3295,190,151,265,93,194,170,51,163,231,974,1307,158,161,2307,120,1031,2845,142,120,188,139,196,149,172,190,135,3307,163,3790,2450,119,3363,221,149,120,3178,187,196,195,2226,133,198,150,133,3628,234,912,139,148,82,128,173,3128,166,2720,141,167,160,691,173,2660,2425,1180,218,121,1768,2239,167,134,229,157,178,101,1407,162,224,103,240,1183,197,2550,2694,54,212,886,173,2379,172,4163,186,212,4308,162,3693,153,3275,215,124,190,142,856,1524,3919,187,145,3691,177,146,827,215,1022,4383,137,799,4035,955,3121,3591,151,151,220,125,710,108,216,925,125,1610,60,823,154,172,232,128,265,191,2890,151,3114,168,176,106,1058,102,3004,148,172,161,143,4280,4004,2715,698,119,3603,222,1323,648,120,117,130,143,1450,161,181,1177,1098,116,114,785,144,1257,142,152,177,202,119,208,194,2665,1388,189,3991,175,2832,1098,2725,245,3933,226,197,129,3810,3446,131,124,885,1214,163,165,198
"Gene9",1253,3456,3282,2732,3439,3229,4599,4747,2707,4403,3772,2694,2136,4377,889,2415,2894,729,1080,5781,1173,2680,3356,4043,3462,916,3672,1114,2622,1029,2745,2995,5442,3132,2807,4970,984,3764,3658,3878,3933,2464,2696,4263,1734,3853,1987,4135,2915,1605,3521,3678,4709,2004,2588,3372,3122,2923,3095,4107,2920,2736,3890,3475,3772,3409,1031,2970,3348,3801,4005,3541,1007,3311,3692,4951,2703,3241,2849,859,1020,1446,1646,4103,1452,3066,3422,3665,4196,4251,2453,2814,3695,3813,3384,3585,1813,4685,1473,2233,3715,3286,3312,2064,2827,5091,1464,2528,1159,3626,4394,5359,2819,3600,3698,2507,2331,4443,1120,3731,2906,3986,2748,2340,3200,861,2993,3879,2911,3395,995,3367,2604,2668,2651,3051,4599,3242,4118,4151,666,1081,3004,3320,3774,1039,3235,4164,2944,3696,2868,2736,898,2713,1400,3153,3305,3118,4276,3695,2621,4312,944,4706,4135,4360,3035,3445,3471,4110,4182,2899,1971,1944,3234,4504,3446,1104,2243,1571,957,1072,4049,3960,2703,2532,2890,2381,2038,2963,1839,3108,1975,860,2827,3154,3009,1552,1757,3244,3517,1462,2024,688,1123,4146,1446,3162,3021,2125,2856,2561,3975,2913,3147,2949,4407,3697,4643,2940,1305,2962,2702,1160,4184,3260,2829,2544,2656,2870,4138,2631,2919,2842,3705,2137,3759,949,3142,3608,3279,2280,3667,3290,3140,3416,3048,2551,719,3957,4181,3822,2796,3884,1147,3074,3337,4122,5707,2775,2447,1044,2585,939,1243,3839,2204,3260,1133,4040,2716,3547,2922,2355,3359,2788,2869,3447,2572,2399,1241,2590,2572,2650,2724,1451,1644,3091,3031,1470,2956,2011,3225,2580,3444,6819,4098,5342,3618,3041,3024,3972,1801,4979,2503,2660,4450,4723,1234,1438,2945,2433,2890,2044,1075,2865,3292,1946,4578,3079,3336,2812,3236,3564,3265,3853,3468,2375,2402,2370,3065,4723,2358,2440,3860,2826,3710,5728,1496,2630,4451,2522,3855,4588,3048,865,3663,4057,3392,2257,3454,3325,3285,2768,4184,3727,2661,804,3309,3038,2047,1251,4469,3098,1797,3535,2898,3278,4087,4082,3236,2726,1329,3852,4909,2617,3568,989,3383,3283,3911,1848,4688,1017,3244,3860,4174,3794,4375,2870,3735,3314,4719,3581,2973,3643,2447,4108,3436,809,1538,3569,5054,3742,3222,4052,2694,919,4460,734,3554,3876,802,4696,1278,2978,4348,3622,2963,2865,2624,1471,2281,3476,712,2916,1166,2547,1128,3943,6292,4947,2184,4155,3405,2936,3006,3585,3029,2415,2020,834,3144,2702,2855,3539,3037,3054,2748,3315,2183,952,2780,4231,6267,726,724,2927,2434,3404,2203,1399,3665,3461,926,945,3428,2462,972,3914,1554,2524,2307,2969,4726,3001,3703,3045,2229,1248,3694,2897,3356,1852,919,2152,3510,4146,3632,3508,3550,4646,2374,4549,2568,1000,965,2844,4283,3137
"Gene10",606,1168,1076,1481,2437,1293,1903,1772,850,1475,1790,913,977,1674,453,978,1083,470,402,2103,447,1452,1603,1319,1252,740,1867,722,1298,389,853,955,1386,974,1025,1225,396,1850,888,1855,1195,973,1822,1819,954,1123,1055,1939,826,410,1333,1326,1504,898,1381,1278,1261,1786,1369,1508,1162,987,1177,1645,1172,1586,480,1140,1540,1102,1550,1439,396,1696,1446,2019,1475,889,840,462,313,680,550,1197,441,1038,1717,1825,1849,1448,1319,874,1443,1753,1173,1207,671,2013,759,1073,1257,1275,1250,688,1028,2345,581,919,452,1258,1717,2086,1017,1311,1263,1316,1032,2096,347,1902,1078,1414,1251,877,1605,370,1329,1490,1198,1542,318,1547,1257,972,1247,1139,1726,1676,1852,1394,367,586,1288,1469,1900,313,1830,1578,1071,1390,827,1245,547,1531,518,1460,1426,1127,1135,1898,1062,1591,427,1675,1367,1491,1295,1323,1320,1260,1969,702,1078,440,2099,1291,1152,371,1130,883,418,672,1349,1943,1370,1719,1387,973,1136,1409,744,1270,880,312,1372,1489,1243,596,644,1503,1322,874,763,444,447,1673,687,1231,1548,897,1369,1144,1002,1600,1272,1435,1840,1209,1262,943,487,1726,1109,587,1862,1515,1598,1329,1136,1253,1101,1274,1103,1286,803,1546,2036,406,1315,1570,1372,903,1155,1327,1517,1658,1323,1193,349,1576,1483,1366,1089,1711,604,1026,1973,1023,1978,1177,956,573,930,536,510,1367,891,2476,529,1238,1345,1115,1292,987,1077,1172,1492,1193,2216,932,565,1358,1009,1694,1439,542,569,1576,2271,589,1298,1020,1442,1197,1333,1733,1815,2175,1489,1097,1212,1705,1161,1731,1487,1493,1490,1413,374,598,1408,1019,1066,862,619,1679,1701,858,1916,1277,1256,1142,1627,1443,1584,1476,1320,1646,1074,866,1452,1907,1270,2031,1222,1259,1744,3237,617,1330,1582,1009,1502,2070,1784,461,899,1119,1374,1307,1209,1393,1687,1866,1730,1641,1245,334,1302,960,1531,352,1936,1151,737,1269,1198,1346,2508,1950,1395,1093,588,1825,2025,710,2230,543,1158,1171,1812,748,1889,544,1087,973,1648,1324,1600,1083,2151,1073,1473,1851,1278,1468,1218,1567,1642,555,742,1186,1801,1370,1549,1522,1148,328,1406,385,1415,1466,309,1504,381,1129,2139,1454,1005,1540,1530,328,849,1757,299,1302,395,931,435,1267,2166,2068,860,2092,1559,1846,1354,1253,1321,1452,784,350,940,954,1161,1680,1523,1143,1577,1212,1528,454,1365,1718,2125,430,294,1305,868,1248,1345,738,1435,1162,543,616,1077,1376,394,1970,677,1125,965,1136,2191,1312,1848,1376,1026,468,1631,1613,1593,1128,442,1426,2045,1409,1498,1550,1275,2111,980,1736,1029,336,324,1900,1751,1443
"Gene11",942,1643,1999,2200,3189,2055,2573,2792,1990,2982,2660,1615,1509,2651,645,1683,1856,456,545,3141,537,1604,2496,2494,2069,717,2380,1057,2027,601,2216,2004,2246,2252,1739,2094,877,2512,2144,2508,2396,1789,2339,2727,1464,1927,1339,2139,1338,942,1873,2256,3815,2476,1906,2354,1855,2104,1507,2256,1966,1569,1745,2756,2168,1577,909,1757,2601,2027,2897,2294,494,2317,1768,3183,1538,1625,1808,847,630,674,989,2138,979,1653,2245,2567,2669,2187,1552,1916,2068,2185,2319,2109,1427,2935,998,1483,2534,1777,1621,1718,1794,2964,797,1691,888,2036,2277,3504,1672,1987,2417,1703,2055,2644,647,3305,1392,2772,2153,1792,2965,623,2609,2183,1493,2215,517,2717,1809,1596,1968,2418,2198,1837,2272,2379,689,770,1584,2127,2241,505,2900,2460,1837,2811,2138,1839,526,2169,1146,2229,2272,1782,1992,2195,1381,2803,801,2610,2271,2347,2198,2796,2530,2414,2448,2105,1530,865,2217,2498,2101,572,1966,2145,859,1219,2195,3248,2050,1969,1916,2015,1383,2512,1668,2406,1538,428,1955,2161,2083,782,1487,2306,2589,1430,2042,447,876,1755,841,2159,2204,1467,2463,1514,1396,2241,2053,1714,2024,2130,2709,1899,899,2483,1726,818,2114,2447,1850,2056,1363,2211,2249,1623,1744,2793,1803,1559,3074,678,1792,2412,1847,1814,1616,1841,1911,2275,2167,1620,648,2693,2358,3500,1979,3282,793,1717,2730,2032,3981,1918,1392,799,2106,881,686,2562,1425,2573,520,2648,2084,1937,2503,2084,1689,1406,2396,2322,2285,2414,808,1836,1385,2300,2121,807,986,2610,2643,776,2368,1070,2092,1360,2242,2473,2500,3209,2303,2003,2437,3065,1736,3814,2482,1787,2530,2464,569,1079,2134,1835,2302,1630,755,2658,3082,1423,1887,1891,2481,1647,1880,2941,2349,2581,2621,2094,1660,1337,2757,2549,1662,2048,2182,2449,2678,4447,1786,1405,2860,1657,2750,2473,2760,609,1910,1995,2080,1811,2374,2441,2425,1858,2303,2236,2320,595,1981,1439,1607,979,2856,1674,1287,2065,1679,2130,2806,2899,2040,1336,854,1910,3026,1593,3326,759,2450,2321,2346,1102,2897,571,2543,2080,2609,2332,2451,2411,3307,1671,2485,2253,1831,2342,1920,2245,2581,808,1062,3059,2969,2143,1875,2765,1661,502,2606,636,2796,2790,685,3133,593,2235,2633,2335,1891,2824,1792,694,1564,3588,722,1543,656,1562,675,2468,2968,3334,1466,2557,1947,2934,2008,2123,2203,2060,1416,612,1725,2449,2131,1832,1991,1869,2564,2512,1790,629,1923,2853,4023,623,433,1614,1731,1899,2369,1088,1855,2565,631,739,2281,1583,542,2539,960,1680,1832,1678,3044,1327,2347,2877,2205,641,3061,2985,1926,1749,657,2804,3120,3174,2531,2228,1833,3073,1956,2984,1075,666,1047,2487,2930,2532
"Gene12",19,582,1002,1060,1243,605,929,873,38,870,52,26,22,1000,5,649,656,15,14,1280,19,758,875,873,52,15,1432,10,49,13,683,917,789,793,533,39,10,969,24,738,904,27,901,930,11,813,33,30,14,13,26,687,1515,28,663,23,561,947,38,780,687,646,762,1054,1039,34,11,21,711,38,1050,905,13,1000,44,1024,719,25,539,4,10,32,19,763,16,40,786,71,1087,993,36,669,739,882,51,32,15,43,7,437,958,950,23,8,643,41,8,45,13,872,767,1057,23,978,47,43,783,1074,17,823,512,815,46,552,39,4,37,897,23,28,5,1178,497,674,689,27,900,947,1044,827,20,7,677,53,43,9,730,93,736,29,633,792,10,801,34,951,813,717,812,899,28,64,3,707,988,1220,656,800,849,777,893,38,654,12,1019,1092,625,6,1068,553,12,14,1176,23,32,43,740,30,17,788,578,837,9,10,21,748,55,15,30,959,691,550,34,14,14,1035,14,873,54,18,31,684,925,38,32,40,1114,48,1081,664,24,662,678,13,772,755,680,44,42,23,812,39,666,28,591,634,1091,7,655,1093,588,471,41,31,652,857,667,828,7,889,28,1342,847,1029,10,699,786,782,1099,31,44,14,32,23,10,720,602,961,3,722,652,673,700,851,46,587,34,710,954,38,4,24,627,856,935,8,7,32,965,16,774,553,768,31,885,1173,965,1194,863,590,656,1191,790,1001,42,523,33,804,12,11,32,789,657,29,24,769,822,20,46,863,49,664,707,810,46,790,666,798,580,15,1015,1002,848,28,664,632,874,1555,587,465,975,613,957,1279,760,5,666,586,754,617,31,939,998,1028,976,859,756,1,869,904,552,14,1150,30,433,662,705,775,1088,95,56,665,22,850,81,48,68,21,790,636,865,508,1108,16,882,606,920,1253,881,729,1169,31,1263,1019,746,770,702,1157,827,24,31,926,1101,933,653,995,33,7,965,13,838,809,9,1054,25,1082,1121,783,23,870,52,14,598,1526,10,649,11,22,16,633,1210,1046,487,1344,52,786,791,1050,690,385,21,20,647,748,36,900,26,49,954,1066,763,9,800,993,1242,11,17,840,40,33,42,8,26,904,7,27,928,743,20,1009,10,535,685,545,63,723,1104,36,551,7,999,760,1102,904,18,811,1064,740,35,876,909,1029,905,1100,32,8,10,942,865,747
"Gene13",57,219,198,251,389,219,321,306,177,280,257,126,205,411,71,197,171,80,112,315,56,162,208,246,257,57,292,77,254,72,203,233,257,243,174,153,71,353,268,252,191,138,297,271,132,157,155,266,148,96,263,254,313,132,208,291,201,232,182,274,189,236,256,227,282,305,50,180,278,204,325,236,84,265,227,386,195,153,140,130,86,96,86,224,61,170,177,236,269,298,196,244,227,302,233,177,89,326,106,135,293,242,192,200,215,326,95,199,82,147,325,424,208,284,276,146,236,355,67,290,196,165,138,170,246,43,290,264,167,248,69,204,125,159,184,203,358,228,230,282,82,66,235,274,281,53,348,349,146,244,136,205,95,275,135,224,274,180,251,291,139,249,101,251,336,258,280,266,245,232,266,174,200,110,201,244,157,37,241,169,55,106,196,265,228,190,202,216,207,269,138,325,192,48,189,233,291,101,129,165,340,181,182,59,74,197,105,192,188,115,215,200,166,216,188,236,323,191,266,163,72,169,184,57,246,195,291,204,161,269,261,136,200,204,202,127,257,69,213,375,275,171,188,240,128,282,177,306,45,286,212,265,226,296,107,187,298,166,358,217,194,81,243,55,86,309,153,275,55,271,204,174,277,314,313,196,246,329,208,188,78,227,232,220,267,61,134,227,283,80,242,139,142,156,253,370,296,354,226,230,303,296,174,311,126,188,265,261,68,86,244,179,203,84,85,215,344,170,204,183,276,214,216,270,218,262,318,268,107,163,212,374,223,298,204,313,296,341,165,194,327,212,302,389,290,63,244,189,225,135,260,222,339,219,171,238,188,55,238,237,217,81,318,210,130,176,168,240,357,318,322,133,114,262,433,160,339,51,290,190,188,111,363,68,298,196,274,237,334,203,357,197,226,222,272,235,199,292,146,87,126,265,301,239,276,222,159,48,290,80,336,232,84,266,80,172,263,289,160,212,223,61,231,430,70,183,101,233,66,246,262,284,76,399,281,274,256,275,186,166,119,66,134,212,211,205,210,146,227,218,265,110,191,294,326,78,37,246,154,127,126,102,247,198,58,92,193,216,52,225,81,137,183,193,321,196,314,268,167,73,351,211,318,148,87,259,348,322,214,197,244,269,212,332,120,67,60,226,243,249
"Gene14",540,1305,1383,1905,1907,1063,1667,2224,1066,1564,1756,769,1018,1462,494,1170,1315,368,347,2175,457,1055,1132,1713,1106,480,1795,354,1144,420,1338,1415,1680,1287,945,1157,429,1549,1593,1293,1170,1084,1508,2112,841,1382,875,1413,701,578,1269,1411,1926,1090,1121,1103,1070,1343,1351,1179,1313,1023,1110,1663,1550,1631,468,975,1467,1172,1819,1203,400,1619,1431,2124,840,809,1032,457,362,475,469,1304,379,986,1193,1327,1829,1554,1081,1168,1211,1594,1119,1302,829,2295,486,892,1637,1718,1222,799,1231,1667,603,994,511,1480,1526,1702,1197,1628,1611,1306,1462,1952,472,1745,984,1252,1089,733,1627,398,1409,1304,1096,1096,446,1222,1138,1297,768,1347,1611,1218,1533,1388,450,524,988,1437,1302,310,1678,1725,970,1223,1080,1131,542,1326,633,1490,1168,1247,1347,1727,1043,1696,450,1744,1845,1549,1281,1338,1223,1180,1413,1111,843,632,1595,1583,1292,338,1410,924,371,636,1250,1578,1242,1208,1239,1090,954,1507,650,1400,943,289,1242,1272,957,477,914,1708,1605,594,1165,367,521,1443,518,1541,1572,1030,1420,954,1191,1323,1349,1054,1701,1251,1363,1331,413,1546,969,394,1619,1409,1098,1204,991,1314,1310,1410,1048,1222,1062,1062,1511,429,1351,1607,1161,830,1070,1215,1061,1437,1121,1196,238,1465,1408,1760,1192,1817,497,1036,1892,1412,1880,1112,1419,492,1054,535,475,1065,796,1678,271,1468,1112,1107,1054,1449,1366,1049,1529,1479,1880,1051,557,1017,1159,1342,1431,494,602,1417,1531,446,1662,763,1447,1342,1493,2008,1778,1710,1496,1204,1202,1938,1020,1752,1206,891,1659,1552,458,502,1102,1083,1168,812,428,1259,1626,1118,1781,1255,1380,1069,1545,1258,1175,1784,1394,1390,948,679,1557,1706,1265,1160,1379,1195,1601,2210,832,954,1276,902,1612,1285,1768,461,1011,1103,1302,1162,1305,1369,1424,1150,1423,1533,1204,345,1139,1205,1038,455,2019,1047,676,1492,1266,1109,1845,1821,1155,932,639,1568,2342,799,1669,352,1379,1187,1429,667,1694,341,1226,1166,1439,1292,1813,1246,2052,1385,1763,1519,1261,1860,1394,1566,1371,497,652,1783,1696,1519,1422,1956,1163,313,1739,360,1407,1182,437,2015,444,1385,1526,1238,938,1413,1083,389,1203,1811,388,1267,468,862,423,1423,2046,2565,874,1539,1485,1776,1396,1503,1189,1039,897,446,879,1099,1454,1285,1888,1133,1616,1590,1063,482,978,1910,1989,375,332,968,723,1291,1064,586,1540,1429,398,466,1398,1226,355,1522,653,1045,1597,1166,1262,962,1444,1690,1244,528,1510,1444,1525,1312,364,1691,1945,1954,1339,1615,1185,1973,917,1933,940,356,345,1656,1523,1876
"Gene15",957,1841,2220,2019,3155,2180,2347,2829,1838,2633,2547,1185,1718,3651,668,2012,1849,610,594,3668,636,1556,1999,2430,1833,716,2949,927,1424,732,1541,2002,2092,2457,1626,1718,459,3019,1702,2005,2544,1961,1825,2556,1022,1952,1171,2234,1371,725,2215,2081,2544,1755,2137,2815,2043,1793,2067,1778,1942,1948,1674,2059,2168,2052,945,1760,1678,1932,2630,2146,355,1997,2011,3032,1610,1515,1455,829,507,715,919,1808,658,1727,2098,2076,2600,2556,1592,1765,1783,2206,2302,2608,1056,2613,987,1394,2328,2654,2024,1630,2349,2737,465,1722,728,3522,2039,2778,1513,1705,2032,1939,2131,2637,667,3330,993,2534,1683,1332,2514,421,2270,2024,1713,1980,551,2101,1513,1868,2266,2024,1925,2269,2383,2398,486,589,1223,2684,1696,552,2653,3234,1767,2554,1427,1765,540,2229,956,1963,2278,2067,2185,2736,1317,2273,867,2679,2668,2316,2131,2052,2214,2398,2076,1252,1165,746,2264,1983,1722,480,1792,1388,595,1188,1785,2276,2018,2302,1607,1750,1422,2483,1097,2131,1519,500,1583,1851,1705,980,1961,2649,2045,1471,1594,664,913,2270,794,2407,2381,1423,1483,1786,2064,2314,2275,1983,2680,2092,2443,1818,782,1731,1628,693,2203,1885,1805,2186,1688,1812,2674,1277,1655,1672,1592,1528,2295,801,1849,3252,1953,1573,1594,2229,2135,1763,1421,2182,506,2594,2152,2960,2164,2228,776,1518,2767,2140,3887,1976,1393,617,1476,796,664,2150,1492,3067,618,2403,1787,1723,1976,2137,1974,1655,2631,2092,2717,1427,739,1306,1323,1660,2062,911,776,2611,1887,928,1914,1366,1602,1548,2447,3292,2583,3287,2251,1722,2015,2225,1366,2539,2590,1191,1967,2753,696,1150,1492,2310,1714,1172,741,2640,2360,1007,2166,1811,2690,2034,1682,2054,1766,2179,1936,2025,1907,1220,1915,2395,1793,1836,2453,1732,2256,3236,1584,1643,2601,1528,2291,2270,2504,581,1930,1595,2094,1597,2037,2073,2144,2150,2643,1676,1652,437,2349,1938,1397,866,3199,1745,1335,2913,2053,2126,3376,2966,2429,1696,888,2103,3564,1517,2866,530,2067,1852,2264,1073,3072,563,2143,1958,2526,2263,3137,1958,3811,2108,3244,2229,2197,2565,2370,2720,2488,682,1196,2229,3262,1632,2576,2642,1781,654,2292,671,2960,2232,690,2983,708,2411,2924,2291,1516,2648,2276,941,2135,2889,692,2335,679,1711,640,2668,3053,3216,1489,3382,2632,2683,1655,2013,1900,1700,1034,520,1710,2484,2254,1789,1790,1795,2640,1948,1825,619,2099,2447,3251,485,407,2107,1794,1415,1943,842,2115,1849,633,756,1982,1410,471,2268,830,1521,2462,1756,3013,1736,2470,2080,1297,735,2833,2412,2621,1459,662,2676,2999,2024,3422,1631,1684,2137,1810,2867,1232,371,674,2009,2750,2096
"Gene16",54,70,89,54,107,117,87,173,56,138,58,65,46,103,14,93,80,30,9,145,31,88,144,124,89,31,123,18,63,9,86,75,137,90,62,136,36,132,114,98,54,59,92,154,59,116,55,77,54,17,56,62,75,50,73,96,59,96,46,52,74,56,120,66,76,67,33,59,80,58,104,78,33,116,94,93,94,81,53,27,46,36,25,91,34,80,99,57,86,86,57,171,73,64,79,85,46,122,42,66,126,95,54,59,68,118,58,46,17,66,71,126,54,115,75,119,102,151,39,92,71,124,80,34,103,31,120,60,96,103,32,58,114,76,149,98,93,73,110,75,15,35,65,139,71,34,132,91,50,83,71,102,28,102,44,78,98,93,41,106,77,85,30,129,103,85,68,76,97,154,110,52,49,31,104,101,51,15,74,53,29,32,69,118,110,69,54,75,64,124,53,125,31,26,85,58,65,64,88,72,100,68,61,23,31,107,29,109,112,50,92,88,84,110,89,87,89,90,82,109,29,87,93,20,69,59,80,110,34,63,93,49,85,96,48,79,100,16,61,98,89,67,78,130,82,85,80,52,17,64,69,125,46,96,64,77,84,68,174,76,102,16,54,20,19,81,71,99,36,88,119,56,85,51,47,148,75,83,95,47,40,79,51,53,75,51,58,68,120,45,56,43,103,61,121,98,84,144,109,104,86,160,41,86,59,105,57,134,35,32,58,56,91,90,17,91,78,66,114,108,69,84,74,77,79,161,46,120,72,46,114,121,106,81,81,65,114,113,58,55,88,68,67,92,81,18,91,57,67,65,39,103,108,108,87,72,79,19,113,63,78,27,118,49,46,67,72,63,73,120,75,63,28,106,135,42,69,42,114,133,97,46,148,27,93,67,79,84,119,84,98,65,93,111,63,113,94,94,73,21,44,108,147,99,64,72,96,19,77,18,88,106,15,110,20,117,161,93,72,79,43,30,62,109,32,66,20,69,23,106,119,151,56,124,114,114,71,127,62,66,37,20,70,84,97,71,58,52,131,107,47,17,55,135,92,31,14,112,84,129,60,26,54,94,36,34,123,81,12,97,33,113,69,81,127,94,99,72,49,38,126,87,111,92,29,79,113,99,124,89,72,99,69,86,67,33,36,102,103,112
"Gene17",9,43,44,61,47,75,42,62,35,24,54,28,34,66,15,40,22,2,8,60,13,37,28,33,39,15,78,12,43,17,17,30,28,20,17,32,10,41,44,34,16,29,38,39,56,29,13,29,27,9,33,58,71,45,40,58,32,55,54,57,40,22,37,67,42,28,14,22,40,30,49,46,12,20,46,57,44,24,41,11,9,18,25,40,17,29,67,57,39,50,29,35,27,32,42,76,12,38,20,15,53,41,40,17,43,37,6,31,17,43,31,97,27,31,39,22,37,52,23,38,32,35,30,29,47,7,32,60,38,29,9,46,26,34,30,29,36,45,62,39,6,10,34,41,32,5,36,34,26,39,20,16,19,39,29,39,26,28,30,51,16,59,21,47,36,50,18,47,33,63,71,23,45,24,59,55,34,23,37,46,7,6,45,50,26,26,63,38,17,59,29,40,38,7,33,43,19,10,26,37,39,23,21,9,14,30,7,35,60,10,41,20,35,39,32,50,45,54,29,49,14,36,29,6,46,29,28,40,30,42,52,29,18,41,28,33,32,10,38,54,31,43,24,33,25,50,40,27,7,47,21,48,34,40,13,33,59,33,73,25,33,11,28,10,10,31,32,49,18,54,40,55,36,49,43,29,21,52,44,25,16,35,26,52,51,4,17,49,35,4,33,38,46,27,37,63,35,43,48,37,60,65,43,56,31,58,59,38,16,12,35,12,39,30,10,30,42,18,29,36,49,38,33,34,28,55,78,24,27,24,33,32,26,27,37,24,47,66,3,34,42,30,54,49,43,12,27,43,28,34,43,22,33,40,44,20,48,8,22,32,24,11,49,32,24,32,35,41,42,59,28,46,24,38,53,14,49,11,62,20,36,10,63,3,46,30,80,64,32,28,55,25,22,24,39,36,25,33,67,11,11,70,83,48,37,47,33,7,40,12,55,52,16,48,10,46,57,43,44,56,30,8,29,51,8,39,26,30,6,29,56,56,36,40,60,49,39,20,25,40,16,9,18,41,40,39,73,41,40,29,38,6,31,54,71,11,3,40,21,23,34,13,39,37,23,5,45,29,3,40,25,41,56,39,44,22,48,31,15,18,52,31,29,28,11,39,40,41,34,41,45,33,44,33,14,17,12,65,43,41
"Gene18",297,609,847,26,1285,23,770,933,601,928,632,462,466,42,262,532,801,257,168,1146,172,568,625,769,649,184,52,330,492,179,608,568,31,33,624,715,231,624,727,793,731,506,830,950,398,26,413,777,437,209,526,680,948,546,519,770,556,659,559,32,498,22,34,46,44,671,213,641,19,602,765,29,193,565,717,1227,539,483,474,308,185,250,252,567,232,409,749,745,1077,738,586,626,597,804,771,630,302,996,245,506,829,666,513,428,565,1161,236,496,257,43,54,60,600,863,692,595,31,818,183,45,536,680,537,453,951,197,645,643,600,650,203,40,625,634,610,488,809,833,763,616,161,303,490,953,678,147,38,916,34,655,522,566,211,29,297,40,52,629,709,602,409,774,242,661,843,795,730,53,765,28,28,560,552,291,668,759,562,246,675,22,209,396,739,1093,607,574,28,692,456,757,434,563,381,147,677,41,651,344,488,743,32,434,381,184,200,627,273,43,731,507,685,16,24,738,771,597,58,536,40,596,243,708,492,268,61,832,654,586,365,567,700,631,426,767,507,548,779,190,452,770,622,427,622,595,557,639,543,696,154,37,853,52,23,870,257,589,757,726,919,634,464,254,454,265,353,24,485,813,156,649,585,490,15,735,663,550,832,673,736,619,374,591,479,22,26,239,262,663,32,306,43,479,551,606,40,1012,686,1022,746,26,573,730,369,46,849,46,769,32,272,367,544,567,579,467,257,702,814,468,831,504,639,509,41,57,628,907,34,822,505,410,701,44,604,571,684,30,44,88,446,580,824,22,55,931,34,210,57,669,23,512,605,719,730,852,49,693,585,133,646,547,571,287,28,555,549,756,26,18,972,1075,780,542,243,55,1119,588,863,216,662,530,696,21,45,233,801,525,667,791,817,687,878,706,714,778,652,687,696,41,22,208,344,782,44,39,686,43,561,179,893,191,743,715,187,959,228,620,898,38,493,894,632,285,501,894,161,646,249,457,230,30,53,1019,473,1098,901,680,624,825,20,24,497,226,44,541,715,58,711,633,794,593,673,209,15,748,803,241,162,629,389,614,564,313,708,50,220,214,689,19,148,41,333,469,585,28,794,33,26,727,642,238,832,746,838,533,173,825,51,795,675,56,645,810,578,45,452,186,253,57,671,483
"Gene19",57068,5446,4901,6791,8948,4994,6448,10169,4971,6852,7298,4078,4855,8132,34295,4778,5634,31496,31170,10280,40863,4382,5175,7279,7385,38834,7753,41170,5002,37687,5564,6483,7173,5921,5832,6285,46866,6044,6556,7976,6589,4437,6914,9192,3918,5522,2922,6232,4364,49359,6269,6372,9286,5278,4357,7161,4762,6489,6057,4837,5359,4364,5033,6747,6397,6696,52593,4926,4309,4302,8353,6797,33408,5629,5822,9591,4782,4256,4373,40940,27177,39477,55986,6222,41607,5492,4302,7695,7936,7221,4556,4306,6396,8037,6963,5834,70192,6195,55190,2985,5738,6034,4362,4256,5249,7146,46213,4498,35047,5295,7487,9125,4369,7187,5391,5635,6200,8018,39257,8269,4975,7232,5858,6098,6772,38759,7247,5617,5729,5280,37460,8188,6112,5129,4916,5164,8296,5816,8051,6078,27992,42782,5415,6527,5202,28915,6869,9101,4805,5728,4130,5358,35851,7486,67697,6108,6017,5626,6874,5819,3661,8712,38409,8810,9138,5517,5911,7591,7761,7226,8416,6265,4921,54769,6874,6484,6836,42862,6283,4267,33713,63424,5980,7463,6502,5861,4393,5330,3579,7364,5354,6556,4877,31642,5156,6322,4677,55916,4496,7128,6438,4702,4441,34361,51051,6995,43267,5830,4969,4769,4969,5567,4804,7098,5964,6392,7811,5723,7687,4828,41775,7064,4621,38157,5711,5824,5086,4297,3788,5783,6806,5096,5402,6131,5579,5788,6122,35805,5265,7329,5615,4929,5497,4642,6483,6163,4615,5495,30025,6659,6206,8617,5157,8222,53091,4256,7699,5687,8727,4683,4168,44969,4850,42531,44439,4973,3695,9211,38207,6593,5342,4756,4395,5138,6628,4057,6243,6396,6603,5814,41960,6156,4807,4942,6365,37890,61654,7464,8393,49735,6221,3571,4958,5337,6533,9435,8080,6619,6738,6044,3622,6920,4462,9067,6336,4621,5873,8129,39154,46425,5929,6433,5288,4358,34531,6276,7217,4714,6347,6459,5489,4569,6172,6254,6133,7207,6232,7534,4439,2515,5964,8018,4879,4836,5409,5592,5089,11679,4297,5298,6676,5475,6949,7698,7333,38992,6147,5878,4574,4476,6582,5322,6323,5263,5818,6475,6381,24185,7339,4885,5244,42468,9725,3443,4117,6720,6153,5756,8571,8820,6276,4429,47686,5735,12740,4265,8735,38026,5553,5982,5142,3429,9969,33135,6811,5171,8747,8144,8148,5638,8836,5673,7618,5926,4379,6959,6649,7806,6936,36019,61878,8090,9232,4752,5099,8856,5126,35584,7360,30484,7099,5772,35498,6640,37972,5731,9398,6242,5052,6301,5705,34865,5855,9668,27096,5422,46513,4259,32105,5722,9478,8670,4456,9784,7856,7652,5025,6937,5999,5448,3394,40208,4490,5912,5354,6240,6913,6028,7115,7472,4910,39439,5166,5717,7914,37057,34342,6194,4659,4899,6456,69090,5035,4629,42154,38405,6491,4270,31480,5710,61437,4137,5170,4267,6280,5834,6927,7419,4541,48863,7796,7436,6562,4201,32608,6869,8806,6271,8388,6672,5246,6842,4750,7349,3980,31819,46761,7223,7058,6545
"Gene20",922,2077,3360,2215,3561,2565,3157,2525,2178,3587,2854,1391,2165,2469,880,2297,2028,568,659,3608,559,2462,1945,1926,1949,611,2675,1130,2076,927,1549,1941,3000,3343,2183,2252,823,3250,2565,1805,2334,1675,2224,3672,1310,2073,1633,2802,1469,976,1842,2274,3164,2053,2208,2888,1966,1655,1946,2001,2112,1806,1720,2790,1642,2274,937,1457,2193,2632,3502,2303,708,2723,2570,3222,1772,1130,1664,982,549,963,1118,2132,643,1200,2404,2649,3149,2385,1650,1597,1996,2813,2346,2050,1740,3041,1061,1714,2272,2302,2070,2001,1467,2870,770,1365,1036,2315,2919,3385,1754,2308,2278,1561,2347,2689,727,3066,1444,2059,1454,1690,2625,834,2319,2750,2327,2006,647,2871,1839,1443,2332,2236,2888,2338,2908,2119,594,1028,2148,3114,2781,665,2569,2792,1811,2141,1853,1848,579,2266,1193,2320,2736,2474,2446,2010,1444,3737,781,2729,3135,2396,1895,2980,3012,2121,3007,1715,1397,970,1902,2641,2433,421,2156,1668,609,1295,2809,2885,2380,2355,2019,2378,1354,3372,1452,2060,1106,376,2257,2690,1656,1028,1896,1993,2946,1680,2048,712,675,3163,852,1654,2454,1537,2407,1410,1806,2561,2500,2185,3138,2053,2561,2042,820,2437,1593,759,2324,2668,2275,1794,1907,1629,1633,2080,1923,2425,1976,1588,2415,625,1933,3364,2014,1614,2025,2931,2007,2720,1903,2217,566,2487,2853,3754,2232,2888,921,2061,2680,1901,3498,1922,1587,685,1615,763,668,2064,1996,2560,672,2431,1594,2104,1887,2152,1635,2059,2703,2846,3301,2167,900,2513,1593,1831,2117,769,1127,1994,2713,1118,1509,1400,1980,1924,2433,3105,2943,2989,3137,1695,2069,3062,1971,2790,2319,1250,2802,3125,841,951,1903,1813,1924,1458,1087,2191,3086,1570,2482,2396,2340,2134,2058,2615,2405,2360,2367,2228,1474,1356,2364,3030,2555,2437,1923,2228,2763,3369,1656,1271,2064,1977,2372,2080,2168,880,2018,2080,2356,1540,2204,2093,2585,2336,1761,2176,2415,668,2228,2134,1913,871,3369,1796,1206,2473,2448,2195,3473,3488,2257,1825,1180,2877,3255,1282,3121,834,1924,2134,2135,1009,3224,651,2081,1570,2657,2260,2915,2038,4306,1798,2933,2325,1896,2146,2034,2919,2598,770,1591,2493,3480,2481,1999,2548,1750,627,2682,662,3366,3189,487,3820,668,2068,3076,2515,1818,2913,1911,911,1668,3597,705,1841,837,1539,618,2538,3218,3224,1861,4172,3565,2093,2356,2087,1819,2144,1925,729,1961,2280,2094,2129,2476,2205,2753,2610,2183,748,2024,2332,3296,685,488,1727,1526,2249,2157,1019,2050,2887,529,725,1880,1758,521,1982,788,1389,2848,2084,2064,1870,2538,2189,1480,1008,3750,2467,2654,1458,598,2740,2607,2190,2845,2290,3100,2638,1960,2764,1373,657,1078,2262,3200,2608
"Gene21",1731,3126,3006,4004,5996,3896,3637,5548,3544,4751,3686,2564,2849,4005,1241,3735,3346,1248,1095,4757,1010,2826,4051,3500,4027,995,4718,1925,3457,1296,2936,3876,4354,3650,3025,3487,1299,4197,4528,5207,3004,2550,4185,5462,2349,3560,2238,3671,2497,1474,2478,3701,4845,2773,3370,4089,3576,3680,3737,4293,3525,2927,3447,4026,3521,4273,1353,2951,3139,3447,5119,3745,1199,4217,3228,5815,3205,2467,2109,1383,838,1512,1497,3691,1254,2902,3345,4532,5088,3475,3192,3755,4072,4458,3917,3774,1681,5422,1307,2241,4433,3590,3505,2757,3357,4974,1433,3060,1690,3669,5026,5420,2934,4455,3394,2888,3278,5107,1347,5226,2436,4545,3558,3140,3986,1020,3847,3708,3712,3009,1106,4391,3695,3726,3059,3440,5264,4377,4510,3424,953,1229,3220,4261,4221,1173,5272,4688,2652,4050,2536,3128,1106,3850,1926,4457,4361,4261,3959,3912,2207,4665,1283,5013,4787,3708,4045,4251,3678,3409,5500,3052,3637,1622,4403,4269,3978,1326,3635,3075,1049,2068,3414,4918,3829,3308,3177,3235,3341,4491,2731,3138,2493,948,3543,3468,3880,1840,3141,4249,5555,1943,3117,1088,1347,3463,1482,3800,4330,2893,3324,2538,3296,4299,3900,2925,4888,3631,3670,3797,1207,3729,3041,1172,3709,4943,3439,3282,2268,3238,3732,3693,3108,3317,3503,3540,4607,1098,2454,5186,3433,2620,3336,3561,3289,3629,3014,4274,871,3487,3841,5104,3600,5115,1340,3305,4916,3480,4772,3443,3249,1349,2615,1348,1713,3183,2649,4734,995,3089,3112,3270,3395,3824,3535,3070,4179,4027,4198,2905,1599,3497,2849,3108,3222,1271,1276,3928,4121,1282,3209,2291,3729,3421,4141,4344,4299,5266,4662,3199,2506,5125,2936,4895,3616,2653,5184,4577,1360,1544,3338,2973,3515,2663,1325,4350,4753,2097,4576,3240,4009,3187,2952,4254,3204,4037,3679,3493,3656,2650,4405,5007,3065,3763,4000,3941,4160,6319,2535,2934,4413,4047,4016,5021,3620,991,2828,3592,2648,3006,3952,3986,3601,2586,4989,3818,3412,880,3866,3810,2682,1478,6780,3033,2705,3347,4188,4162,5319,4786,3931,2936,1500,4210,5154,2406,5609,944,3736,3055,4331,1796,5658,904,3308,2846,5292,5042,4869,4160,5294,3949,5131,4722,2946,4291,3319,4129,3883,801,2007,5072,5903,3215,4096,4466,2911,1263,4419,921,3716,3980,1174,5408,1179,3766,4271,3409,3430,4618,2893,1339,3259,5384,1169,3391,1221,2589,1012,4317,5682,5933,2846,5751,4360,3710,3114,4203,3400,3371,2344,1223,3687,3635,3758,3068,2873,3334,3969,3790,3296,1162,3292,5202,5099,1461,1012,3699,2254,3537,3338,1470,4125,3742,1408,1150,4232,2418,987,4020,1810,3047,3411,3262,5182,3897,4591,4049,2640,1445,4276,3891,3761,3746,932,4131,5569,4203,4432,3772,3862,4963,3266,3613,2550,1137,1395,4206,4253,3776
"Gene22",1148,2470,3190,3444,4381,3013,3790,3895,3378,3825,3445,2236,2421,4274,866,2318,3105,1265,881,4698,1020,2700,3723,2965,3126,1014,3665,1135,2316,792,2682,2941,3358,3027,2898,3852,1332,4137,4344,3254,3125,2924,2436,3955,1952,2916,1979,3836,2173,1026,2568,2752,4500,2793,3005,2843,2791,2639,2850,3527,2622,2500,3080,4711,3331,3105,1138,2513,3702,3429,3804,3014,942,3405,3096,5652,2726,2278,2286,1553,620,1260,1651,2743,1222,2503,3829,3760,3768,3636,2179,3319,3345,3418,3224,2669,1677,4033,1259,2406,3304,3316,2500,2711,2896,3903,1486,2814,1273,3068,4651,4071,2196,3986,4429,3241,2545,3808,902,4268,2529,3617,2908,2703,3278,928,2706,3630,2782,2942,854,3163,3453,2270,2675,2614,3867,3301,3990,3294,832,973,2544,4280,3125,903,3192,4201,2317,3091,2356,2589,1068,3377,1767,2648,3095,3636,2823,3356,1858,3518,1330,3491,4419,3760,3418,3023,3330,3430,3810,2268,2310,1594,3279,3374,2821,860,3117,2746,863,1535,3062,4324,3339,3406,2536,2223,2302,3749,1823,3259,1800,780,2588,3087,2423,1107,2171,3398,3615,1839,1800,873,1164,3167,947,4628,3414,2202,2512,3001,3029,3458,3151,3317,3868,2812,3772,2473,1090,3657,2304,1432,3951,2786,3123,2560,2611,3697,3662,2707,1976,3414,2599,2214,3615,837,2146,3251,2846,2007,2653,3569,3097,3357,3246,2675,730,3426,3637,4090,2980,4440,992,2675,3977,2843,4832,2409,2639,1144,2683,1426,1241,3520,2412,4460,927,3091,2547,2491,2714,3216,2999,2384,3222,3593,4166,2820,1048,2679,2612,3299,3387,1034,1664,3312,3186,1209,2691,1980,1978,2779,3736,4148,4180,3900,3318,2911,3207,4268,2253,4041,3821,2684,3559,4069,1150,1341,3703,2408,2464,2606,974,4114,3820,2744,3923,2578,2970,3130,3207,3192,3464,2894,2923,3651,2391,1764,3277,4587,3261,2918,3790,2567,3729,5376,1958,2263,3775,3122,3363,3608,4908,899,3479,2896,2537,2436,2753,2702,4107,3468,3968,4271,2745,763,2878,2877,2810,1451,4067,2688,1839,2793,3144,2863,4959,4373,3431,1771,1016,3521,5243,2253,4250,809,2886,2813,3813,2101,4505,862,3105,3463,3513,2799,4330,2483,4927,3133,5267,4065,3317,3742,2813,4120,2932,1195,1688,3776,4850,2342,3052,4229,2814,1074,3446,1194,3464,2716,745,4537,1031,2722,4393,3258,2427,3907,2569,896,2664,5110,859,2787,870,2159,755,3566,4939,4191,2552,4154,4201,3143,3260,3327,2653,3158,2115,1083,2703,3314,3839,3936,3181,2920,3826,2961,2838,1113,2922,3710,4208,999,831,2428,2712,2654,2463,1351,3079,3284,972,1127,3236,2401,836,3437,1259,1956,3305,2388,3669,2640,4005,3309,2236,1055,4184,4037,4209,2641,901,3383,4088,3655,3264,3537,2515,3711,3451,4495,2241,917,1240,3074,3877,3406
"Gene23",776,1739,2413,2203,3122,1870,2649,3069,1679,3169,2577,1522,1554,2553,760,1645,1449,724,408,3395,577,1423,1945,2550,2103,689,2671,646,1684,565,1848,2415,2149,2217,1820,1726,653,2740,2292,2359,1835,1423,2547,3321,1050,1390,1272,2062,1319,737,1905,2460,2935,1847,1774,2403,1930,1984,1990,1725,1498,1648,1845,2425,2001,2246,799,1756,1535,1799,2646,1881,647,2371,1594,2543,1802,1047,1337,714,599,835,985,1772,789,1802,1649,2267,2401,2148,1396,1609,2129,2551,2042,2054,901,3096,839,1051,3179,1954,2123,1398,2141,2395,965,1540,779,2597,2460,2781,1565,2000,2140,1621,1891,2285,762,2474,1661,2458,1559,1265,2546,483,1712,2045,2240,1969,493,2549,1627,1655,1762,1728,2862,1838,2368,2456,559,839,1683,2180,2114,588,2730,2654,1785,1803,1416,2093,660,2318,850,2521,2229,2240,2249,2052,1324,2441,767,2372,2657,2606,2124,2257,1938,2210,2782,1712,1440,748,2433,2145,1678,569,2202,1681,469,1094,2555,2479,2097,1792,1563,2296,1821,2329,1437,1941,1396,401,1960,1739,2390,901,1436,2401,2074,1273,1447,801,713,2002,859,1682,1989,1477,2243,1798,2064,2699,1975,1793,2464,1943,2516,1824,637,2166,1059,747,2609,1566,1998,1953,1294,2119,2222,1535,1682,2078,2084,1309,2304,671,1574,2703,1554,1554,1791,1944,2208,2646,1920,1260,517,2092,1921,3097,2404,3098,739,1590,2526,1958,3158,1941,1508,721,1848,984,715,2627,1573,2614,604,1880,1748,1505,1758,1742,1901,1692,2301,1955,2687,1668,759,1900,1337,2836,2705,656,865,2321,2178,670,1679,1033,1467,1546,1917,2986,2447,2490,2412,2045,1749,3177,1496,3326,1893,1458,2885,2627,868,720,1852,1943,1891,1134,818,2225,2352,1106,2619,1595,1935,1862,1485,2794,1916,2478,2057,3010,1825,1311,2070,2583,1682,1630,2089,1803,2389,3326,1594,1482,2002,1912,2889,2450,2656,481,2326,2097,1811,1550,2334,2328,1603,2140,2926,2101,2332,457,1996,1667,1797,628,3494,1819,1137,1939,1906,1735,2902,3110,2282,1399,1038,2408,3041,1299,2907,773,1659,1608,1502,1117,2590,600,2251,2031,2111,1966,2529,2283,2913,1879,2241,1766,1815,1572,2212,2417,2061,653,1036,2170,3663,1978,2039,2356,1665,481,2220,482,2642,2097,550,2601,790,2048,2879,2033,1158,3026,1710,685,1610,2730,569,1661,658,1174,495,2537,2886,3374,1351,3290,2083,2607,1621,2157,2103,2010,1327,849,1484,2414,1886,1480,2025,1974,2421,2209,1867,639,1590,2591,3492,496,385,2034,1567,1527,1706,983,2181,1925,674,693,1702,1909,578,2113,1123,1443,1968,1514,2602,1370,2302,2538,1396,727,3012,1721,2792,1568,723,2220,3364,1910,2266,2503,1981,2860,2027,2669,1399,630,839,2126,2994,2005
"Gene24",1388,4175,4834,4677,5901,4150,6113,5558,3643,6326,3950,2841,2987,5534,1491,3395,4131,1382,1229,7063,1339,2654,3842,4870,4468,1572,5463,1667,3595,1242,3432,4241,4662,4446,3210,3407,1448,4410,4937,4277,4335,3027,4580,5986,2659,3811,3065,3705,2799,1086,3007,3569,6002,3049,4157,4150,3263,3662,3962,4244,3778,3566,3764,5052,5052,5713,1304,3978,4898,4088,5246,4433,1386,5316,3096,6544,2871,2622,3485,1804,866,1877,2011,4092,1565,2978,4021,4651,6073,4807,3011,3508,3606,4741,4247,4321,1708,5253,1664,3011,4887,4177,3874,2943,3398,5342,1474,2738,1684,4870,5519,7044,2959,5317,4907,4254,4015,5483,903,5639,2862,5508,4055,2959,5127,1140,3658,4366,3394,4282,916,5083,3824,3697,3344,3922,5091,4682,4939,4531,1216,1679,3538,5277,3617,1077,5952,4827,3207,3967,3489,2952,1188,4386,1878,4103,4568,3568,4683,5461,3149,4872,1466,5327,6179,5536,5058,4290,4565,3471,5792,3622,3499,1844,5807,4616,4382,1506,3725,2901,1186,2587,5336,5401,4370,4550,3459,3793,3428,4789,2617,4704,3171,1078,4016,3470,3365,1550,2801,4406,4026,2627,2724,1282,1366,3433,1574,4211,4072,2776,3429,3439,3364,3972,4188,3710,5390,3562,3944,4314,1650,4867,3401,1175,4437,4218,3672,3375,3267,3323,5839,3729,3627,3997,3386,2919,4763,1126,3258,5244,3268,2993,3357,4093,4422,4809,3847,3477,1194,4856,3665,6410,3783,6911,1656,3151,6147,4085,6636,3835,2734,1792,3546,1482,1425,4905,3229,5070,1088,4419,3241,3587,4107,4254,3766,3671,4152,4629,5364,3636,1574,4237,3206,4620,4139,1633,2071,4311,5229,1649,4252,2697,3279,3244,4664,6448,5381,5541,4778,3761,4125,5007,3089,5616,4610,3019,4175,4124,1707,1844,3979,3952,2983,2232,1331,4474,5058,2423,4591,3391,4260,3222,4372,4812,4208,5606,4422,5755,3503,3134,4398,4558,4116,4192,4278,4834,4890,7237,3145,2843,5256,3583,5159,5032,4916,1413,4955,4446,3476,2946,4095,4524,4755,3949,4703,4439,4219,993,3986,3581,3736,1532,5289,2868,2682,3546,3628,3802,6031,5750,4507,2701,1947,5324,7083,2810,6217,1256,3495,3737,3684,2472,5435,1055,4653,2698,4789,3775,5791,4605,6022,3352,4977,4405,4228,4476,3093,4256,3762,1418,2876,4783,5726,3727,3706,4587,3843,1201,5725,1166,5087,5001,1158,5683,1207,3888,5591,4424,4092,4896,3456,1297,2697,6786,1198,3865,1444,3315,1339,5931,6201,4931,3374,5266,5076,4861,4624,4460,3458,3732,2896,1206,3183,4298,4756,4194,4029,3936,6038,4430,4585,1227,2692,6015,5977,1031,1011,3567,3211,3287,3577,1363,4082,4912,1351,1471,3492,3532,1036,4740,2192,2776,4787,3737,5494,4331,5129,4879,3336,1640,4522,3673,4777,3603,1129,4257,5523,4133,4875,4369,4226,4442,4068,5700,2160,1165,1248,5428,5156,3983
"Gene25",4962,12038,15045,12893,22675,12830,18801,19641,13009,17286,17266,11418,10300,15118,4265,12081,12315,5056,3298,16451,4462,11930,12116,14026,13906,3970,14696,4611,9129,4235,10445,13215,13603,14699,11110,12232,4434,14401,13961,15248,10325,10963,15052,18857,7882,13042,10673,14107,7800,4220,13171,14539,19676,10686,11181,14018,12256,13470,14266,13070,12904,11730,10156,19264,12796,11156,4528,9914,12184,13235,16242,13425,3562,16068,12540,21098,12048,10527,9243,5434,3500,4935,6360,11550,4511,9846,13179,15751,16348,14075,10322,11181,10456,12438,12393,16716,7282,16057,5566,10511,13744,11079,11586,9890,13750,19575,4709,7883,4147,15213,15685,19695,11113,12956,15294,12082,11456,11445,4662,14918,11225,14084,12426,7906,13045,3784,11838,12301,11236,12640,3512,13192,10666,11459,13699,14075,14053,15187,12434,14588,3786,6279,9583,15063,12289,3228,18263,18565,10221,12887,8715,12400,4173,10523,7954,11132,14988,14546,14810,13289,8426,15323,4411,16967,16487,13204,13155,16223,14711,11791,15460,9355,11103,4889,15063,17671,12977,3475,15019,9090,4101,5983,13570,18744,13991,11747,9180,13432,7758,18162,8568,12015,8100,3464,10323,13688,9460,5685,10112,15861,15999,9652,11214,4693,4152,13930,5062,16113,17365,10286,12992,11204,11909,14911,13059,14737,15422,14215,17195,12515,4496,13913,10030,4452,15981,15994,10891,10749,8369,13007,14079,9767,12259,15885,13164,10749,21571,3397,9196,14190,10157,9770,13227,12556,11655,14044,10192,12357,4127,16701,12629,18909,11790,19513,4811,12814,20638,15074,23627,9744,8896,5787,10589,4620,4980,12203,10420,18035,4165,13684,11247,9680,12562,12892,13129,11191,12697,15445,16970,9568,5049,12287,9140,13913,10999,4126,5638,13191,13784,4790,15333,8753,11526,11598,12498,16391,17782,16927,15537,14290,11488,21305,9310,20192,14070,9105,14567,18393,4070,5112,11840,11519,9049,7941,4974,13244,11913,8290,14160,13776,13988,9726,12797,14750,13604,15126,13823,15551,10059,7181,11988,19967,13543,11703,13240,13507,14361,23293,8600,10012,14598,10962,13136,17465,15143,4266,12042,12307,12186,11571,12842,11100,12470,10232,13470,15698,12439,3230,13701,9880,11935,5555,14850,8179,8171,11561,12400,11201,19397,19263,14288,8853,4986,16884,24144,8213,16910,3445,13404,11442,16376,7069,21567,3542,14598,12305,17508,13476,14841,15618,21400,15030,18694,15743,12084,14367,12053,18898,14662,4075,7782,16961,18157,12308,12135,19670,10590,3498,15536,4175,14590,14004,3422,13967,4548,13415,19876,11074,9325,13818,12511,4261,10612,19109,3360,11435,4996,9481,3759,15455,22655,15287,7324,18122,16490,13330,13648,11751,9104,10130,7975,4602,8850,13172,15375,19018,16915,12817,15374,14201,13121,4334,12384,15331,23443,4170,2794,11999,9150,12982,12596,6193,12674,14207,5197,4002,11729,10655,4089,16711,5722,8250,9841,12271,15965,12945,16911,15204,8719,5474,17312,16581,17118,10167,3030,13400,17579,14350,14670,13325,12752,17913,11470,16731,9792,4153,4916,12999,18438,13520
